"spot","x","y","count","avgSeconds","medianSeconds","totalSeconds","radiantCount","radiantTotal","direCount","direTotal"
"118,94","118","94","130","240","311","31205","70","17860","60","13345"
"136,156","136","156","129","257","310","33157","61","15839","68","17318"
"164,134","164","134","104","233","256","24224","62","14529","42","9695"
"94,120","94","120","99","236","290","23381","56","14935","43","8446"
"66,142","66","142","40","313","360","12521","20","6228","20","6293"
"152,96","152","96","38","277","360","10515","29","8358","9","2157"
"144,62","144","62","37","293","360","10823","16","4312","21","6511"
"188,116","188","116","35","275","360","9638","18","4381","17","5257"
"134,112","134","112","32","336","360","10739","21","7050","11","3689"
"116,144","116","144","27","258","360","6962","11","3040","16","3922"
"90,146","90","146","25","267","360","6669","13","3783","12","2886"
"116,142","116","142","23","290","360","6663","8","2210","15","4453"
"64,178","64","178","22","305","360","6715","7","2364","15","4351"
"150,116","150","116","21","252","360","5286","10","2219","11","3067"
"136,108","136","108","20","360","360","7200","14","5040","6","2160"
"193,80","193","80","20","290","360","5791","14","3802","6","1989"
"108,145","108","145","18","320","360","5752","4","1440","14","4312"
"142,102","142","102","18","300","360","5407","10","3021","8","2386"
"174,72","174","72","14","356","360","4990","6","2110","8","2880"
"118,188","118","188","14","336","360","4710","8","2715","6","1995"
"104,132","104","132","14","247","311","3456","7","2087","7","1369"
"126,108","126","108","13","296","360","3853","1","344","12","3509"
"94,184","94","184","13","284","360","3697","8","2442","5","1255"
"146,98","146","98","12","355","360","4257","9","3177","3","1080"
"144,122","144","122","10","302","360","3018","5","1460","5","1558"
"110,130","110","130","10","264","360","2639","6","1543","4","1096"
"102,134","102","134","10","258","334","2578","4","1389","6","1189"
"138,124","138","124","10","248","336","2485","1","360","9","2125"
"162,102","162","102","9","360","360","3240","8","2880","1","360"
"128,146","128","146","9","351","360","3163","9","3163","0","0"
"116,188","116","188","9","344","360","3094","2","612","7","2482"
"65,178","65","178","9","295","360","2659","2","706","7","1953"
"168,125","168","125","9","277","360","2489","7","2217","2","272"
"180,67","180","67","9","258","360","2322","4","867","5","1455"
"154,74","154","74","9","234","360","2104","2","173","7","1931"
"100,136","100","136","9","220","277","1980","7","1842","2","138"
"106,120","106","120","9","188","96","1689","2","450","7","1239"
"128,110","128","110","8","307","360","2453","8","2453","0","0"
"158,72","158","72","8","251","360","2006","1","53","7","1953"
"114,130","114","130","8","244","360","1949","5","1192","3","757"
"98,138","98","138","8","214","256","1716","6","996","2","720"
"137,124","137","124","8","144","75","1150","4","566","4","584"
"184,80","184","80","7","360","360","2520","3","1080","4","1440"
"74,180","74","180","7","282","360","1974","1","236","6","1738"
"113,151","113","151","7","257","360","1801","2","382","5","1419"
"131,110","131","110","7","198","270","1384","1","360","6","1024"
"111,130","111","130","7","196","163","1369","4","938","3","431"
"126,120","126","120","7","184","100","1291","4","799","3","492"
"106,186","106","186","6","360","360","2160","6","2160","0","0"
"144,100","144","100","6","360","360","2160","4","1440","2","720"
"97,184","97","184","6","330","360","1978","4","1258","2","720"
"144,120","144","120","6","297","328","1781","3","793","3","988"
"107,170","107","170","6","274","360","1646","2","462","4","1184"
"109,130","109","130","6","271","344","1627","4","1256","2","371"
"120,138","120","138","6","270","340","1623","1","106","5","1517"
"136,124","136","124","6","253","326","1519","1","360","5","1159"
"132,126","132","126","6","250","290","1501","0","0","6","1501"
"105,119","105","119","6","236","256","1417","1","153","5","1264"
"130,96","130","96","6","214","207","1286","3","751","3","535"
"127,110","127","110","6","211","233","1265","4","1187","2","78"
"113,130","113","130","6","191","188","1147","4","771","2","376"
"160,120","160","120","6","183","158","1097","4","536","2","561"
"126,89","126","89","6","180","162","1080","2","252","4","828"
"155,74","155","74","5","360","360","1800","1","360","4","1440"
"106,170","106","170","5","360","360","1800","2","720","3","1080"
"194,80","194","80","5","360","360","1800","3","1080","2","720"
"119,139","119","139","5","339","360","1694","2","720","3","974"
"151,129","151","129","5","310","360","1548","2","468","3","1080"
"82,192","82","192","5","306","360","1532","3","812","2","720"
"133,115","133","115","5","274","360","1372","1","146","4","1226"
"152,72","152","72","5","272","351","1362","2","365","3","997"
"142,74","142","74","5","271","360","1356","1","98","4","1258"
"140,91","140","91","5","263","289","1313","2","567","3","746"
"141,90","141","90","5","257","329","1287","3","736","2","551"
"138,104","138","104","5","247","229","1235","2","577","3","658"
"75,181","75","181","5","240","360","1200","2","469","3","731"
"126,158","126","158","5","229","360","1143","5","1143","0","0"
"124,146","124","146","5","209","232","1047","3","744","2","303"
"166,110","166","110","5","208","251","1042","4","1025","1","17"
"126,146","126","146","5","201","274","1007","3","638","2","369"
"129,110","129","110","5","175","128","877","3","506","2","371"
"121,137","121","137","5","173","99","867","2","459","3","408"
"124,132","124","132","5","172","138","862","1","138","4","724"
"148,118","148","118","5","135","117","674","4","532","1","142"
"110,156","110","156","4","360","360","1440","3","1080","1","360"
"146,84","146","84","4","360","360","1440","1","360","3","1080"
"142,88","142","88","4","360","360","1440","4","1440","0","0"
"153,66","153","66","4","360","360","1440","0","0","4","1440"
"105,142","105","142","4","360","360","1440","4","1440","0","0"
"130,110","130","110","4","360","360","1440","2","720","2","720"
"138,125","138","125","4","326","360","1306","2","720","2","586"
"102,158","102","158","4","321","360","1283","1","360","3","923"
"127,164","127","164","4","311","360","1244","2","720","2","524"
"80,186","80","186","4","296","360","1184","3","824","1","360"
"180,76","180","76","4","290","360","1162","3","802","1","360"
"117,159","117","159","4","288","360","1154","2","434","2","720"
"188,133","188","133","4","286","337","1145","3","1034","1","111"
"128,118","128","118","4","285","284","1140","3","780","1","360"
"75,191","75","191","4","278","318","1114","4","1114","0","0"
"124,130","124","130","4","277","360","1108","2","720","2","388"
"180,100","180","100","4","276","360","1105","4","1105","0","0"
"164,72","164","72","4","276","360","1106","4","1106","0","0"
"102,159","102","159","4","274","360","1095","2","375","2","720"
"126,140","126","140","4","272","360","1086","1","360","3","726"
"97,183","97","183","4","265","340","1060","3","1041","1","19"
"108,144","108","144","4","256","323","1026","2","380","2","646"
"117,127","117","127","4","232","278","928","4","928","0","0"
"132,96","132","96","4","229","269","917","1","360","3","557"
"125,118","125","118","4","218","231","871","2","408","2","463"
"124,131","124","131","4","216","245","865","0","0","4","865"
"138,103","138","103","4","214","217","854","1","275","3","579"
"89,132","89","132","4","212","237","847","1","360","3","487"
"136,107","136","107","4","209","210","835","0","0","4","835"
"115,149","115","149","4","198","211","792","3","459","1","333"
"114,150","114","150","4","194","195","776","2","390","2","386"
"134,81","134","81","4","193","199","771","0","0","4","771"
"112,129","112","129","4","190","196","760","3","400","1","360"
"134,114","134","114","4","176","157","702","1","267","3","435"
"86,116","86","116","4","168","153","670","1","105","3","565"
"91,135","91","135","4","146","150","585","0","0","4","585"
"97,154","97","154","3","360","360","1080","0","0","3","1080"
"143,101","143","101","3","360","360","1080","2","720","1","360"
"102,160","102","160","3","360","360","1080","1","360","2","720"
"181,77","181","77","3","360","360","1080","3","1080","0","0"
"142,89","142","89","3","360","360","1080","0","0","3","1080"
"137,94","137","94","3","360","360","1080","2","720","1","360"
"191,80","191","80","3","360","360","1080","0","0","3","1080"
"147,72","147","72","3","360","360","1080","0","0","3","1080"
"169,72","169","72","3","360","360","1080","1","360","2","720"
"94,142","94","142","3","360","360","1080","2","720","1","360"
"123,146","123","146","3","360","360","1080","3","1080","0","0"
"129,118","129","118","3","360","360","1080","3","1080","0","0"
"160,119","160","119","3","360","360","1080","2","720","1","360"
"118,84","118","84","3","360","360","1080","0","0","3","1080"
"142,101","142","101","3","360","360","1080","3","1080","0","0"
"70,132","70","132","3","360","360","1080","1","360","2","720"
"148,72","148","72","3","360","360","1080","1","360","2","720"
"82,191","82","191","3","360","360","1080","3","1080","0","0"
"110,174","110","174","3","360","360","1080","2","720","1","360"
"144,72","144","72","3","356","360","1068","1","360","2","708"
"185,66","185","66","3","349","360","1048","1","328","2","720"
"76,191","76","191","3","347","360","1042","1","360","2","682"
"159,72","159","72","3","338","360","1015","2","720","1","295"
"118,191","118","191","3","335","360","1004","3","1004","0","0"
"134,133","134","133","3","313","360","938","1","360","2","578"
"131,126","131","126","3","298","360","893","2","533","1","360"
"123,137","123","137","3","290","255","870","0","0","3","870"
"97,156","97","156","3","287","360","860","0","0","3","860"
"126,164","126","164","3","287","360","861","2","501","1","360"
"114,162","114","162","3","287","360","862","1","142","2","720"
"82,169","82","169","3","286","360","859","2","720","1","139"
"128,164","128","164","3","283","360","848","2","720","1","128"
"134,80","134","80","3","270","360","811","0","0","3","811"
"109,183","109","183","3","264","360","791","2","431","1","360"
"106,137","106","137","3","264","360","792","3","792","0","0"
"185,64","185","64","3","261","360","783","1","63","2","720"
"76,192","76","192","3","260","360","781","1","61","2","720"
"105,120","105","120","3","260","360","779","1","360","2","419"
"131,144","131","144","3","259","360","776","3","776","0","0"
"86,140","86","140","3","259","265","777","0","0","3","777"
"109,142","109","142","3","258","331","774","0","0","3","774"
"166,72","166","72","3","256","360","768","1","360","2","408"
"168,107","168","107","3","255","360","766","2","406","1","360"
"107,142","107","142","3","254","360","761","2","401","1","360"
"92,144","92","144","3","252","360","757","3","757","0","0"
"118,126","118","126","3","248","360","745","3","745","0","0"
"118,124","118","124","3","248","360","744","3","744","0","0"
"130,118","130","118","3","245","360","734","1","360","2","374"
"192,80","192","80","3","242","360","726","1","360","2","366"
"185,65","185","65","3","216","258","649","1","360","2","289"
"116,159","116","159","3","209","212","628","2","268","1","360"
"100,135","100","135","3","206","220","617","2","257","1","360"
"138,93","138","93","3","205","149","616","1","149","2","467"
"88,184","88","184","3","195","200","585","1","200","2","385"
"130,146","130","146","3","179","108","536","3","536","0","0"
"105,141","105","141","3","178","117","534","3","534","0","0"
"132,132","132","132","3","176","158","527","1","9","2","518"
"152,167","152","167","3","176","94","529","2","169","1","360"
"168,124","168","124","3","166","106","498","2","138","1","360"
"147,134","147","134","3","153","57","458","3","458","0","0"
"160,121","160","121","3","150","56","450","2","394","1","56"
"124,158","124","158","3","146","56","438","0","0","3","438"
"103,132","103","132","3","145","58","435","1","360","2","75"
"116,126","116","126","3","145","180","435","3","435","0","0"
"94,98","94","98","3","133","33","399","1","352","2","47"
"124,139","124","139","3","133","107","399","1","20","2","379"
"149,127","149","127","3","125","12","375","1","360","2","15"
"168,150","168","150","3","48","52","145","3","145","0","0"
"98,92","98","92","3","39","30","118","0","0","3","118"
"120,139","120","139","3","23","15","69","0","0","3","69"
"117,119","117","119","2","360","360","720","2","720","0","0"
"91,154","91","154","2","360","360","720","0","0","2","720"
"142,90","142","90","2","360","360","720","1","360","1","360"
"136,86","136","86","2","360","360","720","2","720","0","0"
"145,88","145","88","2","360","360","720","1","360","1","360"
"149,72","149","72","2","360","360","720","0","0","2","720"
"80,170","80","170","2","360","360","720","2","720","0","0"
"127,91","127","91","2","360","360","720","1","360","1","360"
"91,144","91","144","2","360","360","720","2","720","0","0"
"120,156","120","156","2","360","360","720","0","0","2","720"
"82,154","82","154","2","360","360","720","0","0","2","720"
"151,72","151","72","2","360","360","720","0","0","2","720"
"75,190","75","190","2","360","360","720","1","360","1","360"
"148,111","148","111","2","360","360","720","0","0","2","720"
"93,142","93","142","2","360","360","720","0","0","2","720"
"136,132","136","132","2","360","360","720","1","360","1","360"
"79,169","79","169","2","360","360","720","2","720","0","0"
"92,154","92","154","2","360","360","720","0","0","2","720"
"179,75","179","75","2","360","360","720","2","720","0","0"
"146,108","146","108","2","360","360","720","2","720","0","0"
"121,180","121","180","2","360","360","720","1","360","1","360"
"184,67","184","67","2","360","360","720","1","360","1","360"
"190,80","190","80","2","360","360","720","0","0","2","720"
"121,122","121","122","2","360","360","720","1","360","1","360"
"126,138","126","138","2","360","360","720","1","360","1","360"
"118,174","118","174","2","360","360","720","2","720","0","0"
"118,192","118","192","2","360","360","720","2","720","0","0"
"186,90","186","90","2","360","360","720","2","720","0","0"
"97,150","97","150","2","360","360","720","1","360","1","360"
"145,108","145","108","2","360","360","720","2","720","0","0"
"108,184","108","184","2","360","360","720","2","720","0","0"
"156,109","156","109","2","360","360","720","2","720","0","0"
"165,111","165","111","2","360","360","720","1","360","1","360"
"108,146","108","146","2","360","360","720","1","360","1","360"
"125,139","125","139","2","360","360","720","0","0","2","720"
"70,117","70","117","2","360","360","720","0","0","2","720"
"156,123","156","123","2","360","360","720","0","0","2","720"
"109,184","109","184","2","360","360","720","1","360","1","360"
"98,156","98","156","2","360","360","720","0","0","2","720"
"81,135","81","135","2","360","360","720","0","0","2","720"
"113,163","113","163","2","360","360","720","1","360","1","360"
"159,122","159","122","2","360","360","720","0","0","2","720"
"102,162","102","162","2","360","360","720","1","360","1","360"
"98,184","98","184","2","360","360","720","1","360","1","360"
"99,157","99","157","2","360","360","720","0","0","2","720"
"175,84","175","84","2","360","360","720","1","360","1","360"
"153,125","153","125","2","360","360","720","0","0","2","720"
"138,64","138","64","2","360","360","720","0","0","2","720"
"127,107","127","107","2","360","360","720","0","0","2","720"
"92,174","92","174","2","360","360","720","1","360","1","360"
"116,168","116","168","2","360","360","720","0","0","2","720"
"72,154","72","154","2","360","360","720","0","0","2","720"
"169,106","169","106","2","360","360","720","0","0","2","720"
"131,145","131","145","2","360","360","720","2","720","0","0"
"158,64","158","64","2","360","360","720","0","0","2","720"
"164,113","164","113","2","360","360","720","2","720","0","0"
"160,98","160","98","2","360","360","720","1","360","1","360"
"94,167","94","167","2","360","360","720","1","360","1","360"
"180,96","180","96","2","360","360","720","1","360","1","360"
"88,183","88","183","2","360","360","720","1","360","1","360"
"146,134","146","134","2","360","360","720","2","720","0","0"
"129,164","129","164","2","360","360","720","1","360","1","360"
"109,68","109","68","2","360","360","720","1","360","1","360"
"79,166","79","166","2","360","360","720","0","0","2","720"
"138,112","138","112","2","360","360","720","2","720","0","0"
"176,95","176","95","2","360","360","720","2","720","0","0"
"173,88","173","88","2","360","360","720","2","720","0","0"
"72,179","72","179","2","354","353","707","2","707","0","0"
"112,162","112","162","2","354","353","707","1","360","1","347"
"158,116","158","116","2","350","350","700","0","0","2","700"
"171,90","171","90","2","346","345","691","0","0","2","691"
"128,98","128","98","2","338","338","676","1","360","1","316"
"146,120","146","120","2","338","338","676","0","0","2","676"
"74,166","74","166","2","336","336","672","1","312","1","360"
"146,79","146","79","2","334","333","667","1","360","1","307"
"120,137","120","137","2","332","332","665","0","0","2","665"
"123,138","123","138","2","326","325","651","1","291","1","360"
"97,138","97","138","2","318","318","636","2","636","0","0"
"73,179","73","179","2","314","314","629","1","360","1","269"
"185,90","185","90","2","314","314","629","2","629","0","0"
"140,90","140","90","2","310","310","620","0","0","2","620"
"130,131","130","131","2","310","310","621","0","0","2","621"
"112,130","112","130","2","304","304","608","1","360","1","248"
"96,184","96","184","2","303","303","606","2","606","0","0"
"143,114","143","114","2","300","300","601","1","241","1","360"
"109,144","109","144","2","300","300","600","1","360","1","240"
"67,122","67","122","2","292","291","583","0","0","2","583"
"168,96","168","96","2","290","289","579","1","360","1","219"
"123,136","123","136","2","288","288","576","1","360","1","216"
"146,111","146","111","2","286","286","572","0","0","2","572"
"76,190","76","190","2","282","281","563","0","0","2","563"
"110,144","110","144","2","280","280","561","0","0","2","561"
"106,156","106","156","2","278","278","557","1","197","1","360"
"111,164","111","164","2","276","276","553","0","0","2","553"
"77,157","77","157","2","275","275","550","2","550","0","0"
"112,164","112","164","2","275","275","550","1","190","1","360"
"178,74","178","74","2","274","274","549","1","360","1","189"
"118,172","118","172","2","274","273","547","2","547","0","0"
"136,87","136","87","2","270","269","539","1","360","1","179"
"115,148","115","148","2","270","269","539","2","539","0","0"
"172,89","172","89","2","269","269","538","2","538","0","0"
"167,72","167","72","2","269","269","538","1","360","1","178"
"110,165","110","165","2","268","267","535","2","535","0","0"
"133,125","133","125","2","267","267","534","0","0","2","534"
"70,116","70","116","2","266","266","532","1","172","1","360"
"110,176","110","176","2","266","266","533","1","173","1","360"
"156,140","156","140","2","263","263","526","2","526","0","0"
"73,154","73","154","2","262","261","523","0","0","2","523"
"154,136","154","136","2","261","261","522","0","0","2","522"
"130,114","130","114","2","260","259","519","1","360","1","159"
"151,127","151","127","2","260","260","521","2","521","0","0"
"152,128","152","128","2","254","254","509","1","149","1","360"
"108,143","108","143","2","254","253","507","2","507","0","0"
"125,137","125","137","2","245","245","490","0","0","2","490"
"100,74","100","74","2","242","242","484","0","0","2","484"
"70,106","70","106","2","240","240","480","0","0","2","480"
"150,72","150","72","2","238","237","475","1","360","1","115"
"168,72","168","72","2","236","236","472","0","0","2","472"
"94,176","94","176","2","236","236","472","0","0","2","472"
"118,125","118","125","2","235","235","470","1","110","1","360"
"87,154","87","154","2","234","233","467","0","0","2","467"
"122,158","122","158","2","230","229","459","0","0","2","459"
"159,120","159","120","2","229","229","458","0","0","2","458"
"150,127","150","127","2","225","225","450","1","90","1","360"
"159,99","159","99","2","220","219","439","0","0","2","439"
"128,99","128","99","2","220","220","440","1","135","1","305"
"129,99","129","99","2","220","220","440","0","0","2","440"
"74,181","74","181","2","218","218","436","1","360","1","76"
"112,152","112","152","2","217","217","434","2","434","0","0"
"163,72","163","72","2","216","216","433","1","73","1","360"
"68,118","68","118","2","214","214","428","0","0","2","428"
"109,145","109","145","2","209","209","418","0","0","2","418"
"150,128","150","128","2","208","207","415","1","55","1","360"
"85,187","85","187","2","208","208","417","2","417","0","0"
"93,143","93","143","2","208","208","417","1","57","1","360"
"141,134","141","134","2","208","208","417","2","417","0","0"
"118,108","118","108","2","208","208","416","1","56","1","360"
"131,96","131","96","2","206","206","412","0","0","2","412"
"138,102","138","102","2","206","206","413","2","413","0","0"
"111,129","111","129","2","206","206","412","2","412","0","0"
"67,118","67","118","2","206","206","412","0","0","2","412"
"122,107","122","107","2","205","205","410","0","0","2","410"
"179,74","179","74","2","204","204","408","1","48","1","360"
"134,78","134","78","2","204","204","409","0","0","2","409"
"122,136","122","136","2","202","201","403","0","0","2","403"
"113,152","113","152","2","201","201","402","1","42","1","360"
"146,109","146","109","2","200","200","400","2","400","0","0"
"68,130","68","130","2","200","199","399","1","360","1","39"
"90,109","90","109","2","198","198","397","0","0","2","397"
"180,68","180","68","2","197","197","394","1","34","1","360"
"110,181","110","181","2","196","196","393","1","331","1","62"
"79,160","79","160","2","196","196","392","0","0","2","392"
"112,147","112","147","2","196","196","393","0","0","2","393"
"82,190","82","190","2","196","195","391","1","31","1","360"
"122,138","122","138","2","195","195","390","1","360","1","30"
"125,138","125","138","2","194","193","387","1","360","1","27"
"113,84","113","84","2","194","194","389","0","0","2","389"
"146,135","146","135","2","193","193","386","2","386","0","0"
"112,105","112","105","2","192","192","385","1","53","1","332"
"163,113","163","113","2","192","192","384","1","24","1","360"
"145,120","145","120","2","192","191","383","1","23","1","360"
"126,153","126","153","2","191","191","382","0","0","2","382"
"121,120","121","120","2","191","191","382","1","360","1","22"
"170,91","170","91","2","190","189","379","2","379","0","0"
"162,158","162","158","2","190","190","380","2","380","0","0"
"84,165","84","165","2","190","190","380","1","20","1","360"
"128,127","128","127","2","190","189","379","0","0","2","379"
"117,150","117","150","2","188","188","377","1","17","1","360"
"146,89","146","89","2","188","187","375","2","375","0","0"
"117,114","117","114","2","188","188","377","1","360","1","17"
"154,129","154","129","2","186","186","373","1","13","1","360"
"126,90","126","90","2","186","186","373","0","0","2","373"
"99,184","99","184","2","186","185","371","0","0","2","371"
"170,90","170","90","2","186","186","372","2","372","0","0"
"110,168","110","168","2","186","186","373","2","373","0","0"
"116,160","116","160","2","185","185","370","2","370","0","0"
"125,162","125","162","2","183","183","366","2","366","0","0"
"82,134","82","134","2","182","182","365","0","0","2","365"
"191,132","191","132","2","182","182","365","1","360","1","5"
"104,138","104","138","2","178","178","357","2","357","0","0"
"159,119","159","119","2","168","168","337","0","0","2","337"
"70,119","70","119","2","166","165","331","0","0","2","331"
"119,113","119","113","2","166","165","331","1","161","1","170"
"100,87","100","87","2","164","163","327","0","0","2","327"
"120,111","120","111","2","156","156","313","0","0","2","313"
"156,74","156","74","2","156","156","313","0","0","2","313"
"90,94","90","94","2","152","152","305","2","305","0","0"
"101,141","101","141","2","148","148","296","1","116","1","180"
"108,170","108","170","2","138","137","275","0","0","2","275"
"154,160","154","160","2","120","120","240","1","87","1","153"
"159,98","159","98","2","113","113","226","2","226","0","0"
"124,138","124","138","2","112","111","223","0","0","2","223"
"85,117","85","117","2","104","104","209","1","197","1","12"
"136,106","136","106","2","99","99","198","1","74","1","124"
"78,167","78","167","2","98","98","196","1","126","1","70"
"130,126","130","126","2","93","93","186","0","0","2","186"
"170,149","170","149","2","92","92","184","2","184","0","0"
"113,162","113","162","2","90","90","180","0","0","2","180"
"91,134","91","134","2","90","89","179","1","147","1","32"
"128,136","128","136","2","87","87","174","1","5","1","169"
"169,150","169","150","2","84","83","167","2","167","0","0"
"147,119","147","119","2","81","81","162","1","60","1","102"
"156,147","156","147","2","78","77","155","2","155","0","0"
"107,141","107","141","2","76","76","153","1","139","1","14"
"91,100","91","100","2","72","72","144","0","0","2","144"
"139,92","139","92","2","72","72","145","2","145","0","0"
"87,101","87","101","2","69","69","138","0","0","2","138"
"104,119","104","119","2","67","67","134","0","0","2","134"
"159,155","159","155","2","66","66","133","1","32","1","101"
"121,138","121","138","2","65","65","130","2","130","0","0"
"106,142","106","142","2","60","59","119","2","119","0","0"
"70,118","70","118","2","58","58","116","0","0","2","116"
"153,164","153","164","2","48","48","96","2","96","0","0"
"149,117","149","117","2","43","43","86","2","86","0","0"
"71,164","71","164","2","40","39","79","0","0","2","79"
"75,104","75","104","2","36","36","72","1","21","1","51"
"94,97","94","97","2","26","26","52","1","34","1","18"
"76,158","76","158","2","22","21","43","1","21","1","22"
"90,95","90","95","2","22","21","43","0","0","2","43"
"135,141","135","141","2","15","15","30","2","30","0","0"
"104,141","104","141","2","14","14","28","0","0","2","28"
"141,110","141","110","1","360","360","360","0","0","1","360"
"143,135","143","135","1","360","360","360","1","360","0","0"
"142,134","142","134","1","360","360","360","1","360","0","0"
"146,104","146","104","1","360","360","360","0","0","1","360"
"182,95","182","95","1","360","360","360","1","360","0","0"
"99,178","99","178","1","360","360","360","0","0","1","360"
"106,140","106","140","1","360","360","360","1","360","0","0"
"108,183","108","183","1","360","360","360","0","0","1","360"
"131,108","131","108","1","360","360","360","1","360","0","0"
"129,108","129","108","1","360","360","360","1","360","0","0"
"134,74","134","74","1","360","360","360","1","360","0","0"
"72,192","72","192","1","360","360","360","1","360","0","0"
"87,153","87","153","1","360","360","360","0","0","1","360"
"134,175","134","175","1","360","360","360","1","360","0","0"
"74,189","74","189","1","360","360","360","0","0","1","360"
"180,88","180","88","1","360","360","360","1","360","0","0"
"174,88","174","88","1","360","360","360","1","360","0","0"
"182,75","182","75","1","360","360","360","1","360","0","0"
"132,110","132","110","1","360","360","360","0","0","1","360"
"159,124","159","124","1","360","360","360","0","0","1","360"
"68,121","68","121","1","360","360","360","1","360","0","0"
"108,118","108","118","1","360","360","360","0","0","1","360"
"100,143","100","143","1","360","360","360","0","0","1","360"
"70,163","70","163","1","360","360","360","0","0","1","360"
"72,164","72","164","1","360","360","360","1","360","0","0"
"134,168","134","168","1","360","360","360","1","360","0","0"
"94,157","94","157","1","360","360","360","1","360","0","0"
"85,165","85","165","1","360","360","360","0","0","1","360"
"80,154","80","154","1","360","360","360","0","0","1","360"
"151,119","151","119","1","360","360","360","0","0","1","360"
"158,123","158","123","1","360","360","360","0","0","1","360"
"190,79","190","79","1","360","360","360","1","360","0","0"
"149,77","149","77","1","360","360","360","0","0","1","360"
"181,67","181","67","1","360","360","360","1","360","0","0"
"167,94","167","94","1","360","360","360","1","360","0","0"
"104,169","104","169","1","360","360","360","0","0","1","360"
"90,148","90","148","1","360","360","360","1","360","0","0"
"114,161","114","161","1","360","360","360","0","0","1","360"
"134,176","134","176","1","360","360","360","1","360","0","0"
"136,105","136","105","1","360","360","360","1","360","0","0"
"94,166","94","166","1","360","360","360","1","360","0","0"
"109,119","109","119","1","360","360","360","0","0","1","360"
"69,114","69","114","1","360","360","360","1","360","0","0"
"122,71","122","71","1","360","360","360","0","0","1","360"
"181,69","181","69","1","360","360","360","1","360","0","0"
"111,146","111","146","1","360","360","360","0","0","1","360"
"108,141","108","141","1","360","360","360","1","360","0","0"
"117,167","117","167","1","360","360","360","1","360","0","0"
"123,147","123","147","1","360","360","360","0","0","1","360"
"81,134","81","134","1","360","360","360","0","0","1","360"
"110,119","110","119","1","360","360","360","1","360","0","0"
"159,104","159","104","1","360","360","360","1","360","0","0"
"141,128","141","128","1","360","360","360","0","0","1","360"
"114,138","114","138","1","360","360","360","1","360","0","0"
"192,94","192","94","1","360","360","360","0","0","1","360"
"95,154","95","154","1","360","360","360","0","0","1","360"
"179,99","179","99","1","360","360","360","1","360","0","0"
"96,130","96","130","1","360","360","360","1","360","0","0"
"106,139","106","139","1","360","360","360","1","360","0","0"
"122,62","122","62","1","360","360","360","0","0","1","360"
"172,86","172","86","1","360","360","360","1","360","0","0"
"185,67","185","67","1","360","360","360","1","360","0","0"
"73,188","73","188","1","360","360","360","0","0","1","360"
"152,90","152","90","1","360","360","360","1","360","0","0"
"113,138","113","138","1","360","360","360","0","0","1","360"
"65,160","65","160","1","360","360","360","0","0","1","360"
"72,161","72","161","1","360","360","360","0","0","1","360"
"154,80","154","80","1","360","360","360","0","0","1","360"
"126,128","126","128","1","360","360","360","1","360","0","0"
"173,85","173","85","1","360","360","360","1","360","0","0"
"172,142","172","142","1","360","360","360","1","360","0","0"
"132,76","132","76","1","360","360","360","0","0","1","360"
"111,105","111","105","1","360","360","360","0","0","1","360"
"98,148","98","148","1","360","360","360","0","0","1","360"
"161,96","161","96","1","360","360","360","0","0","1","360"
"147,184","147","184","1","360","360","360","1","360","0","0"
"134,187","134","187","1","360","360","360","1","360","0","0"
"152,92","152","92","1","360","360","360","0","0","1","360"
"141,123","141","123","1","360","360","360","0","0","1","360"
"112,156","112","156","1","360","360","360","1","360","0","0"
"86,161","86","161","1","360","360","360","1","360","0","0"
"145,101","145","101","1","360","360","360","1","360","0","0"
"169,91","169","91","1","360","360","360","1","360","0","0"
"173,87","173","87","1","360","360","360","0","0","1","360"
"144,113","144","113","1","360","360","360","0","0","1","360"
"99,123","99","123","1","360","360","360","1","360","0","0"
"103,140","103","140","1","360","360","360","1","360","0","0"
"118,155","118","155","1","360","360","360","0","0","1","360"
"154,116","154","116","1","360","360","360","0","0","1","360"
"118,149","118","149","1","360","360","360","0","0","1","360"
"142,133","142","133","1","360","360","360","1","360","0","0"
"68,132","68","132","1","360","360","360","1","360","0","0"
"81,150","81","150","1","360","360","360","0","0","1","360"
"124,148","124","148","1","360","360","360","0","0","1","360"
"161,173","161","173","1","360","360","360","0","0","1","360"
"135,140","135","140","1","360","360","360","1","360","0","0"
"115,159","115","159","1","360","360","360","0","0","1","360"
"119,64","119","64","1","360","360","360","0","0","1","360"
"161,83","161","83","1","360","360","360","0","0","1","360"
"78,164","78","164","1","360","360","360","1","360","0","0"
"112,160","112","160","1","360","360","360","0","0","1","360"
"121,158","121","158","1","360","360","360","0","0","1","360"
"168,78","168","78","1","360","360","360","1","360","0","0"
"90,181","90","181","1","360","360","360","0","0","1","360"
"100,175","100","175","1","360","360","360","0","0","1","360"
"141,184","141","184","1","360","360","360","1","360","0","0"
"89,133","89","133","1","360","360","360","0","0","1","360"
"118,173","118","173","1","360","360","360","1","360","0","0"
"178,78","178","78","1","360","360","360","0","0","1","360"
"113,159","113","159","1","360","360","360","0","0","1","360"
"79,142","79","142","1","360","360","360","1","360","0","0"
"112,144","112","144","1","360","360","360","0","0","1","360"
"159,81","159","81","1","360","360","360","0","0","1","360"
"111,111","111","111","1","360","360","360","0","0","1","360"
"172,82","172","82","1","360","360","360","1","360","0","0"
"135,166","135","166","1","360","360","360","1","360","0","0"
"126,156","126","156","1","360","360","360","1","360","0","0"
"139,103","139","103","1","360","360","360","0","0","1","360"
"140,124","140","124","1","360","360","360","0","0","1","360"
"122,146","122","146","1","360","360","360","1","360","0","0"
"103,103","103","103","1","360","360","360","0","0","1","360"
"163,112","163","112","1","360","360","360","0","0","1","360"
"77,163","77","163","1","360","360","360","0","0","1","360"
"154,139","154","139","1","360","360","360","1","360","0","0"
"173,107","173","107","1","360","360","360","1","360","0","0"
"154,123","154","123","1","360","360","360","0","0","1","360"
"110,111","110","111","1","360","360","360","0","0","1","360"
"159,108","159","108","1","360","360","360","0","0","1","360"
"95,177","95","177","1","360","360","360","1","360","0","0"
"183,91","183","91","1","360","360","360","1","360","0","0"
"131,146","131","146","1","360","360","360","1","360","0","0"
"168,80","168","80","1","360","360","360","1","360","0","0"
"166,111","166","111","1","360","360","360","0","0","1","360"
"135,192","135","192","1","360","360","360","1","360","0","0"
"98,123","98","123","1","360","360","360","1","360","0","0"
"148,73","148","73","1","360","360","360","0","0","1","360"
"120,106","120","106","1","360","360","360","0","0","1","360"
"128,143","128","143","1","360","360","360","0","0","1","360"
"190,86","190","86","1","360","360","360","1","360","0","0"
"177,88","177","88","1","360","360","360","1","360","0","0"
"130,109","130","109","1","360","360","360","1","360","0","0"
"128,66","128","66","1","360","360","360","1","360","0","0"
"77,159","77","159","1","360","360","360","0","0","1","360"
"108,124","108","124","1","360","360","360","0","0","1","360"
"164,92","164","92","1","360","360","360","0","0","1","360"
"85,155","85","155","1","360","360","360","0","0","1","360"
"185,93","185","93","1","360","360","360","1","360","0","0"
"191,134","191","134","1","360","360","360","1","360","0","0"
"119,63","119","63","1","360","360","360","1","360","0","0"
"139,110","139","110","1","360","360","360","1","360","0","0"
"146,90","146","90","1","360","360","360","1","360","0","0"
"106,135","106","135","1","360","360","360","1","360","0","0"
"181,96","181","96","1","360","360","360","1","360","0","0"
"132,128","132","128","1","360","360","360","1","360","0","0"
"92,163","92","163","1","360","360","360","1","360","0","0"
"89,183","89","183","1","360","360","360","0","0","1","360"
"80,162","80","162","1","360","360","360","1","360","0","0"
"192,130","192","130","1","360","360","360","0","0","1","360"
"134,186","134","186","1","360","360","360","1","360","0","0"
"113,119","113","119","1","360","360","360","0","0","1","360"
"175,67","175","67","1","360","360","360","1","360","0","0"
"94,94","94","94","1","360","360","360","1","360","0","0"
"148,156","148","156","1","360","360","360","1","360","0","0"
"125,146","125","146","1","360","360","360","1","360","0","0"
"92,175","92","175","1","360","360","360","0","0","1","360"
"130,133","130","133","1","360","360","360","1","360","0","0"
"157,84","157","84","1","360","360","360","0","0","1","360"
"119,156","119","156","1","360","360","360","0","0","1","360"
"126,109","126","109","1","360","360","360","1","360","0","0"
"108,165","108","165","1","360","360","360","0","0","1","360"
"126,161","126","161","1","360","360","360","1","360","0","0"
"125,161","125","161","1","360","360","360","1","360","0","0"
"128,187","128","187","1","360","360","360","1","360","0","0"
"120,192","120","192","1","360","360","360","0","0","1","360"
"113,164","113","164","1","360","360","360","1","360","0","0"
"115,128","115","128","1","360","360","360","0","0","1","360"
"150,112","150","112","1","360","360","360","0","0","1","360"
"116,157","116","157","1","360","360","360","0","0","1","360"
"67,179","67","179","1","360","360","360","0","0","1","360"
"112,100","112","100","1","360","360","360","1","360","0","0"
"123,116","123","116","1","360","360","360","0","0","1","360"
"122,117","122","117","1","360","360","360","1","360","0","0"
"160,122","160","122","1","360","360","360","0","0","1","360"
"116,122","116","122","1","360","360","360","0","0","1","360"
"181,122","181","122","1","360","360","360","1","360","0","0"
"90,106","90","106","1","360","360","360","1","360","0","0"
"103,175","103","175","1","360","360","360","0","0","1","360"
"157,123","157","123","1","360","360","360","0","0","1","360"
"121,62","121","62","1","360","360","360","0","0","1","360"
"155,123","155","123","1","360","360","360","0","0","1","360"
"83,169","83","169","1","360","360","360","1","360","0","0"
"91,110","91","110","1","360","360","360","0","0","1","360"
"111,144","111","144","1","360","360","360","0","0","1","360"
"147,110","147","110","1","360","360","360","0","0","1","360"
"136,126","136","126","1","360","360","360","0","0","1","360"
"134,97","134","97","1","360","360","360","1","360","0","0"
"116,123","116","123","1","360","360","360","1","360","0","0"
"75,159","75","159","1","360","360","360","0","0","1","360"
"130,88","130","88","1","360","360","360","0","0","1","360"
"176,89","176","89","1","360","360","360","0","0","1","360"
"86,159","86","159","1","360","360","360","0","0","1","360"
"96,157","96","157","1","360","360","360","0","0","1","360"
"191,114","191","114","1","360","360","360","1","360","0","0"
"127,165","127","165","1","360","360","360","1","360","0","0"
"103,98","103","98","1","360","360","360","0","0","1","360"
"181,88","181","88","1","360","360","360","1","360","0","0"
"131,164","131","164","1","360","360","360","1","360","0","0"
"124,134","124","134","1","360","360","360","0","0","1","360"
"163,115","163","115","1","360","360","360","0","0","1","360"
"174,81","174","81","1","360","360","360","0","0","1","360"
"121,112","121","112","1","360","360","360","0","0","1","360"
"98,149","98","149","1","360","360","360","0","0","1","360"
"136,72","136","72","1","360","360","360","1","360","0","0"
"167,109","167","109","1","360","360","360","0","0","1","360"
"121,110","121","110","1","360","360","360","0","0","1","360"
"133,129","133","129","1","360","360","360","0","0","1","360"
"175,89","175","89","1","360","360","360","1","360","0","0"
"144,88","144","88","1","360","360","360","1","360","0","0"
"121,157","121","157","1","360","360","360","0","0","1","360"
"103,124","103","124","1","360","360","360","1","360","0","0"
"134,170","134","170","1","360","360","360","1","360","0","0"
"193,132","193","132","1","360","360","360","1","360","0","0"
"124,136","124","136","1","360","360","360","1","360","0","0"
"173,110","173","110","1","360","360","360","0","0","1","360"
"70,168","70","168","1","360","360","360","0","0","1","360"
"175,117","175","117","1","360","360","360","1","360","0","0"
"129,132","129","132","1","360","360","360","0","0","1","360"
"125,140","125","140","1","360","360","360","1","360","0","0"
"70,150","70","150","1","360","360","360","0","0","1","360"
"136,140","136","140","1","360","360","360","1","360","0","0"
"74,118","74","118","1","360","360","360","0","0","1","360"
"186,64","186","64","1","360","360","360","0","0","1","360"
"68,164","68","164","1","360","360","360","0","0","1","360"
"168,155","168","155","1","360","360","360","1","360","0","0"
"82,168","82","168","1","360","360","360","1","360","0","0"
"109,120","109","120","1","360","360","360","0","0","1","360"
"154,162","154","162","1","360","360","360","1","360","0","0"
"128,128","128","128","1","360","360","360","0","0","1","360"
"118,185","118","185","1","360","360","360","1","360","0","0"
"73,180","73","180","1","360","360","360","1","360","0","0"
"168,83","168","83","1","360","360","360","0","0","1","360"
"132,127","132","127","1","360","360","360","0","0","1","360"
"79,177","79","177","1","360","360","360","0","0","1","360"
"146,113","146","113","1","360","360","360","0","0","1","360"
"172,103","172","103","1","360","360","360","1","360","0","0"
"152,110","152","110","1","360","360","360","1","360","0","0"
"182,68","182","68","1","360","360","360","1","360","0","0"
"79,154","79","154","1","360","360","360","1","360","0","0"
"175,80","175","80","1","360","360","360","0","0","1","360"
"91,133","91","133","1","360","360","360","1","360","0","0"
"157,93","157","93","1","360","360","360","1","360","0","0"
"92,165","92","165","1","360","360","360","0","0","1","360"
"92,173","92","173","1","360","360","360","0","0","1","360"
"182,70","182","70","1","360","360","360","1","360","0","0"
"73,191","73","191","1","360","360","360","0","0","1","360"
"144,154","144","154","1","360","360","360","1","360","0","0"
"122,72","122","72","1","360","360","360","0","0","1","360"
"154,140","154","140","1","360","360","360","1","360","0","0"
"69,184","69","184","1","360","360","360","1","360","0","0"
"107,152","107","152","1","360","360","360","0","0","1","360"
"104,125","104","125","1","360","360","360","0","0","1","360"
"156,97","156","97","1","360","360","360","1","360","0","0"
"95,184","95","184","1","360","360","360","1","360","0","0"
"86,115","86","115","1","360","360","360","0","0","1","360"
"140,93","140","93","1","360","360","360","0","0","1","360"
"142,114","142","114","1","360","360","360","1","360","0","0"
"76,159","76","159","1","360","360","360","0","0","1","360"
"119,119","119","119","1","360","360","360","0","0","1","360"
"71,154","71","154","1","360","360","360","0","0","1","360"
"93,164","93","164","1","360","360","360","0","0","1","360"
"118,107","118","107","1","360","360","360","0","0","1","360"
"129,109","129","109","1","360","360","360","1","360","0","0"
"173,79","173","79","1","360","360","360","1","360","0","0"
"163,114","163","114","1","360","360","360","1","360","0","0"
"69,130","69","130","1","360","360","360","1","360","0","0"
"141,88","141","88","1","360","360","360","0","0","1","360"
"117,162","117","162","1","360","360","360","0","0","1","360"
"126,137","126","137","1","360","360","360","1","360","0","0"
"133,182","133","182","1","360","360","360","1","360","0","0"
"141,149","141","149","1","360","360","360","1","360","0","0"
"140,110","140","110","1","360","360","360","0","0","1","360"
"114,80","114","80","1","360","360","360","1","360","0","0"
"78,172","78","172","1","360","360","360","0","0","1","360"
"111,99","111","99","1","360","360","360","0","0","1","360"
"109,143","109","143","1","360","360","360","0","0","1","360"
"169,90","169","90","1","360","360","360","1","360","0","0"
"176,117","176","117","1","360","360","360","1","360","0","0"
"105,182","105","182","1","360","360","360","1","360","0","0"
"176,115","176","115","1","360","360","360","0","0","1","360"
"126,119","126","119","1","360","360","360","0","0","1","360"
"132,147","132","147","1","360","360","360","1","360","0","0"
"182,88","182","88","1","360","360","360","1","360","0","0"
"119,107","119","107","1","360","360","360","0","0","1","360"
"84,172","84","172","1","360","360","360","1","360","0","0"
"93,105","93","105","1","360","360","360","0","0","1","360"
"158,98","158","98","1","360","360","360","0","0","1","360"
"77,175","77","175","1","360","360","360","1","360","0","0"
"87,173","87","173","1","360","360","360","1","360","0","0"
"130,97","130","97","1","360","360","360","0","0","1","360"
"188,108","188","108","1","360","360","360","1","360","0","0"
"176,107","176","107","1","360","360","360","1","360","0","0"
"79,170","79","170","1","360","360","360","1","360","0","0"
"157,73","157","73","1","360","360","360","1","360","0","0"
"156,107","156","107","1","360","360","360","1","360","0","0"
"95,114","95","114","1","360","360","360","0","0","1","360"
"168,126","168","126","1","360","360","360","1","360","0","0"
"81,152","81","152","1","360","360","360","0","0","1","360"
"80,115","80","115","1","360","360","360","0","0","1","360"
"77,193","77","193","1","360","360","360","1","360","0","0"
"69,131","69","131","1","360","360","360","0","0","1","360"
"132,130","132","130","1","360","360","360","0","0","1","360"
"106,162","106","162","1","360","360","360","1","360","0","0"
"107,131","107","131","1","360","360","360","1","360","0","0"
"129,165","129","165","1","360","360","360","0","0","1","360"
"180,99","180","99","1","360","360","360","1","360","0","0"
"84,188","84","188","1","360","360","360","1","360","0","0"
"171,84","171","84","1","360","360","360","1","360","0","0"
"71,168","71","168","1","360","360","360","0","0","1","360"
"160,65","160","65","1","360","360","360","1","360","0","0"
"84,166","84","166","1","360","360","360","0","0","1","360"
"138,113","138","113","1","360","360","360","1","360","0","0"
"90,134","90","134","1","360","360","360","1","360","0","0"
"106,188","106","188","1","360","360","360","1","360","0","0"
"80,174","80","174","1","360","360","360","0","0","1","360"
"107,184","107","184","1","360","360","360","1","360","0","0"
"118,175","118","175","1","360","360","360","1","360","0","0"
"140,102","140","102","1","360","360","360","1","360","0","0"
"111,102","111","102","1","360","360","360","1","360","0","0"
"139,112","139","112","1","360","360","360","0","0","1","360"
"77,132","77","132","1","360","360","360","0","0","1","360"
"126,139","126","139","1","360","360","360","1","360","0","0"
"163,89","163","89","1","360","360","360","0","0","1","360"
"141,89","141","89","1","360","360","360","0","0","1","360"
"182,77","182","77","1","360","360","360","1","360","0","0"
"79,157","79","157","1","360","360","360","1","360","0","0"
"110,83","110","83","1","360","360","360","0","0","1","360"
"165,114","165","114","1","360","360","360","1","360","0","0"
"134,115","134","115","1","360","360","360","0","0","1","360"
"139,91","139","91","1","360","360","360","1","360","0","0"
"140,116","140","116","1","360","360","360","0","0","1","360"
"80,176","80","176","1","360","360","360","1","360","0","0"
"126,141","126","141","1","360","360","360","1","360","0","0"
"127,162","127","162","1","360","360","360","1","360","0","0"
"114,81","114","81","1","360","360","360","1","360","0","0"
"85,154","85","154","1","360","360","360","0","0","1","360"
"136,134","136","134","1","360","360","360","1","360","0","0"
"139,100","139","100","1","360","360","360","1","360","0","0"
"92,143","92","143","1","360","360","360","0","0","1","360"
"73,161","73","161","1","360","360","360","0","0","1","360"
"113,76","113","76","1","360","360","360","0","0","1","360"
"140,147","140","147","1","360","360","360","1","360","0","0"
"174,83","174","83","1","360","360","360","1","360","0","0"
"98,150","98","150","1","360","360","360","1","360","0","0"
"161,82","161","82","1","360","360","360","0","0","1","360"
"105,118","105","118","1","360","360","360","0","0","1","360"
"82,156","82","156","1","360","360","360","0","0","1","360"
"148,135","148","135","1","360","360","360","1","360","0","0"
"139,111","139","111","1","360","360","360","1","360","0","0"
"125,141","125","141","1","360","360","360","1","360","0","0"
"90,154","90","154","1","360","360","360","0","0","1","360"
"168,90","168","90","1","360","360","360","1","360","0","0"
"184,93","184","93","1","360","360","360","1","360","0","0"
"160,81","160","81","1","360","360","360","0","0","1","360"
"107,189","107","189","1","360","360","360","1","360","0","0"
"84,184","84","184","1","360","360","360","1","360","0","0"
"133,88","133","88","1","360","360","360","0","0","1","360"
"105,152","105","152","1","360","360","360","1","360","0","0"
"74,159","74","159","1","360","360","360","0","0","1","360"
"82,167","82","167","1","360","360","360","0","0","1","360"
"162,81","162","81","1","360","360","360","0","0","1","360"
"122,137","122","137","1","360","360","360","0","0","1","360"
"74,188","74","188","1","360","360","360","0","0","1","360"
"134,172","134","172","1","360","360","360","1","360","0","0"
"86,150","86","150","1","360","360","360","1","360","0","0"
"99,154","99","154","1","360","360","360","1","360","0","0"
"98,155","98","155","1","360","360","360","0","0","1","360"
"126,110","126","110","1","360","360","360","0","0","1","360"
"114,76","114","76","1","360","360","360","0","0","1","360"
"169,104","169","104","1","360","360","360","0","0","1","360"
"181,68","181","68","1","360","360","360","1","360","0","0"
"142,86","142","86","1","360","360","360","1","360","0","0"
"142,116","142","116","1","360","360","360","0","0","1","360"
"189,132","189","132","1","360","360","360","0","0","1","360"
"104,174","104","174","1","360","360","360","0","0","1","360"
"121,192","121","192","1","360","360","360","0","0","1","360"
"121,140","121","140","1","360","360","360","1","360","0","0"
"87,161","87","161","1","360","360","360","0","0","1","360"
"90,182","90","182","1","360","360","360","1","360","0","0"
"146,130","146","130","1","360","360","360","1","360","0","0"
"170,113","170","113","1","360","360","360","1","360","0","0"
"142,77","142","77","1","360","360","360","0","0","1","360"
"107,185","107","185","1","360","360","360","1","360","0","0"
"113,140","113","140","1","360","360","360","0","0","1","360"
"92,164","92","164","1","360","360","360","0","0","1","360"
"164,79","164","79","1","360","360","360","0","0","1","360"
"172,84","172","84","1","360","360","360","0","0","1","360"
"95,138","95","138","1","360","360","360","1","360","0","0"
"120,119","120","119","1","360","360","360","0","0","1","360"
"171,85","171","85","1","360","360","360","0","0","1","360"
"176,122","176","122","1","360","360","360","1","360","0","0"
"82,103","82","103","1","360","360","360","1","360","0","0"
"125,65","125","65","1","360","360","360","0","0","1","360"
"179,98","179","98","1","360","360","360","1","360","0","0"
"92,166","92","166","1","360","360","360","0","0","1","360"
"180,66","180","66","1","360","360","360","1","360","0","0"
"136,172","136","172","1","360","360","360","0","0","1","360"
"70,165","70","165","1","360","360","360","0","0","1","360"
"130,134","130","134","1","360","360","360","0","0","1","360"
"91,164","91","164","1","360","360","360","0","0","1","360"
"110,147","110","147","1","360","360","360","0","0","1","360"
"78,160","78","160","1","360","360","360","0","0","1","360"
"168,108","168","108","1","360","360","360","1","360","0","0"
"116,149","116","149","1","360","360","360","0","0","1","360"
"183,92","183","92","1","360","360","360","1","360","0","0"
"142,80","142","80","1","360","360","360","0","0","1","360"
"101,133","101","133","1","360","360","360","0","0","1","360"
"101,124","101","124","1","360","360","360","1","360","0","0"
"158,97","158","97","1","360","360","360","1","360","0","0"
"110,142","110","142","1","360","360","360","1","360","0","0"
"82,135","82","135","1","360","360","360","0","0","1","360"
"181,66","181","66","1","360","360","360","0","0","1","360"
"68,180","68","180","1","360","360","360","0","0","1","360"
"97,155","97","155","1","360","360","360","1","360","0","0"
"100,184","100","184","1","360","360","360","1","360","0","0"
"168,129","168","129","1","360","360","360","0","0","1","360"
"188,134","188","134","1","360","360","360","1","360","0","0"
"104,94","104","94","1","360","360","360","1","360","0","0"
"74,110","74","110","1","360","360","360","0","0","1","360"
"153,81","153","81","1","360","360","360","1","360","0","0"
"98,157","98","157","1","360","360","360","0","0","1","360"
"169,107","169","107","1","360","360","360","1","360","0","0"
"190,136","190","136","1","360","360","360","0","0","1","360"
"164,125","164","125","1","360","360","360","1","360","0","0"
"161,81","161","81","1","360","360","360","0","0","1","360"
"145,115","145","115","1","360","360","360","0","0","1","360"
"105,137","105","137","1","360","360","360","1","360","0","0"
"154,66","154","66","1","360","360","360","1","360","0","0"
"97,132","97","132","1","360","360","360","1","360","0","0"
"140,114","140","114","1","360","360","360","0","0","1","360"
"176,113","176","113","1","360","360","360","1","360","0","0"
"180,97","180","97","1","360","360","360","1","360","0","0"
"81,128","81","128","1","360","360","360","0","0","1","360"
"144,186","144","186","1","360","360","360","1","360","0","0"
"132,186","132","186","1","360","360","360","1","360","0","0"
"183,88","183","88","1","360","360","360","0","0","1","360"
"120,68","120","68","1","360","360","360","1","360","0","0"
"111,161","111","161","1","360","360","360","1","360","0","0"
"158,105","158","105","1","360","360","360","1","360","0","0"
"168,104","168","104","1","360","360","360","1","360","0","0"
"115,78","115","78","1","360","360","360","0","0","1","360"
"131,129","131","129","1","360","360","360","0","0","1","360"
"154,130","154","130","1","360","360","360","1","360","0","0"
"138,66","138","66","1","360","360","360","1","360","0","0"
"122,80","122","80","1","360","360","360","0","0","1","360"
"121,66","121","66","1","360","360","360","1","360","0","0"
"95,96","95","96","1","360","360","360","0","0","1","360"
"106,72","106","72","1","360","360","360","0","0","1","360"
"141,187","141","187","1","360","360","360","1","360","0","0"
"73,164","73","164","1","360","360","360","1","360","0","0"
"126,157","126","157","1","360","360","360","1","360","0","0"
"139,93","139","93","1","360","360","360","0","0","1","360"
"80,185","80","185","1","360","360","360","1","360","0","0"
"184,68","184","68","1","360","360","360","1","360","0","0"
"106,150","106","150","1","360","360","360","1","360","0","0"
"74,191","74","191","1","360","360","360","0","0","1","360"
"147,102","147","102","1","360","360","360","1","360","0","0"
"108,127","108","127","1","360","360","360","0","0","1","360"
"88,182","88","182","1","360","360","360","0","0","1","360"
"138,62","138","62","1","360","360","360","0","0","1","360"
"156,95","156","95","1","360","360","360","1","360","0","0"
"145,145","145","145","1","360","360","360","1","360","0","0"
"67,129","67","129","1","360","360","360","1","360","0","0"
"80,157","80","157","1","360","360","360","1","360","0","0"
"169,92","169","92","1","360","360","360","1","360","0","0"
"121,108","121","108","1","360","360","360","1","360","0","0"
"141,186","141","186","1","360","360","360","1","360","0","0"
"129,144","129","144","1","360","360","360","0","0","1","360"
"139,102","139","102","1","360","360","360","1","360","0","0"
"132,115","132","115","1","360","360","360","1","360","0","0"
"128,100","128","100","1","360","360","360","1","360","0","0"
"89,146","89","146","1","360","360","360","0","0","1","360"
"174,89","174","89","1","360","360","360","1","360","0","0"
"115,129","115","129","1","360","360","360","1","360","0","0"
"160,80","160","80","1","360","360","360","0","0","1","360"
"144,115","144","115","1","360","360","360","0","0","1","360"
"125,131","125","131","1","360","360","360","0","0","1","360"
"134,131","134","131","1","360","360","360","0","0","1","360"
"69,154","69","154","1","360","360","360","0","0","1","360"
"152,89","152","89","1","360","360","360","1","360","0","0"
"133,168","133","168","1","360","360","360","0","0","1","360"
"94,95","94","95","1","360","360","360","1","360","0","0"
"174,140","174","140","1","360","360","360","1","360","0","0"
"134,191","134","191","1","360","360","360","1","360","0","0"
"141,175","141","175","1","360","360","360","1","360","0","0"
"139,124","139","124","1","360","360","360","1","360","0","0"
"88,154","88","154","1","360","360","360","0","0","1","360"
"150,143","150","143","1","360","360","360","1","360","0","0"
"170,80","170","80","1","360","360","360","1","360","0","0"
"175,158","175","158","1","360","360","360","1","360","0","0"
"64,179","64","179","1","360","360","360","1","360","0","0"
"66,121","66","121","1","360","360","360","0","0","1","360"
"109,117","109","117","1","360","360","360","0","0","1","360"
"80,173","80","173","1","360","360","360","1","360","0","0"
"109,98","109","98","1","360","360","360","0","0","1","360"
"101,135","101","135","1","360","360","360","0","0","1","360"
"147,186","147","186","1","360","360","360","1","360","0","0"
"72,184","72","184","1","360","360","360","1","360","0","0"
"181,76","181","76","1","360","360","360","1","360","0","0"
"162,80","162","80","1","360","360","360","1","360","0","0"
"108,69","108","69","1","360","360","360","0","0","1","360"
"109,182","109","182","1","360","360","360","1","360","0","0"
"130,176","130","176","1","360","360","360","1","360","0","0"
"183,94","183","94","1","360","360","360","1","360","0","0"
"144,84","144","84","1","360","360","360","1","360","0","0"
"130,145","130","145","1","360","360","360","1","360","0","0"
"179,76","179","76","1","360","360","360","1","360","0","0"
"191,133","191","133","1","360","360","360","1","360","0","0"
"120,110","120","110","1","360","360","360","0","0","1","360"
"120,123","120","123","1","360","360","360","0","0","1","360"
"150,117","150","117","1","360","360","360","1","360","0","0"
"130,186","130","186","1","360","360","360","0","0","1","360"
"67,131","67","131","1","360","360","360","0","0","1","360"
"177,91","177","91","1","360","360","360","1","360","0","0"
"87,183","87","183","1","360","360","360","0","0","1","360"
"141,141","141","141","1","360","360","360","1","360","0","0"
"86,112","86","112","1","360","360","360","0","0","1","360"
"121,123","121","123","1","360","360","360","1","360","0","0"
"89,182","89","182","1","360","360","360","1","360","0","0"
"81,167","81","167","1","360","360","360","0","0","1","360"
"123,120","123","120","1","360","360","360","1","360","0","0"
"118,119","118","119","1","360","360","360","1","360","0","0"
"184,74","184","74","1","360","360","360","1","360","0","0"
"122,106","122","106","1","360","360","360","1","360","0","0"
"164,112","164","112","1","360","360","360","0","0","1","360"
"160,97","160","97","1","360","360","360","0","0","1","360"
"99,156","99","156","1","360","360","360","0","0","1","360"
"172,124","172","124","1","360","360","360","1","360","0","0"
"182,100","182","100","1","360","360","360","1","360","0","0"
"76,146","76","146","1","360","360","360","0","0","1","360"
"183,68","183","68","1","360","360","360","1","360","0","0"
"145,167","145","167","1","360","360","360","1","360","0","0"
"159,126","159","126","1","359","359","359","0","0","1","359"
"141,115","141","115","1","359","359","359","0","0","1","359"
"144,170","144","170","1","355","355","355","0","0","1","355"
"146,72","146","72","1","355","355","355","0","0","1","355"
"177,109","177","109","1","348","348","348","1","348","0","0"
"185,146","185","146","1","346","346","346","0","0","1","346"
"110,106","110","106","1","344","344","344","0","0","1","344"
"157,124","157","124","1","342","342","342","1","342","0","0"
"137,64","137","64","1","339","339","339","0","0","1","339"
"139,176","139","176","1","339","339","339","0","0","1","339"
"157,122","157","122","1","337","337","337","0","0","1","337"
"78,165","78","165","1","331","331","331","1","331","0","0"
"134,185","134","185","1","330","330","330","1","330","0","0"
"86,151","86","151","1","330","330","330","0","0","1","330"
"134,104","134","104","1","330","330","330","1","330","0","0"
"82,166","82","166","1","328","328","328","0","0","1","328"
"147,146","147","146","1","324","324","324","0","0","1","324"
"107,143","107","143","1","323","323","323","1","323","0","0"
"117,182","117","182","1","321","321","321","1","321","0","0"
"80,158","80","158","1","321","321","321","0","0","1","321"
"104,91","104","91","1","320","320","320","1","320","0","0"
"152,127","152","127","1","319","319","319","0","0","1","319"
"130,185","130","185","1","318","318","318","0","0","1","318"
"120,112","120","112","1","315","315","315","0","0","1","315"
"134,106","134","106","1","310","310","310","0","0","1","310"
"102,133","102","133","1","309","309","309","0","0","1","309"
"180,101","180","101","1","302","302","302","1","302","0","0"
"70,131","70","131","1","300","300","300","1","300","0","0"
"109,147","109","147","1","300","300","300","1","300","0","0"
"115,150","115","150","1","297","297","297","0","0","1","297"
"120,154","120","154","1","297","297","297","0","0","1","297"
"129,91","129","91","1","295","295","295","0","0","1","295"
"109,163","109","163","1","294","294","294","0","0","1","294"
"76,153","76","153","1","286","286","286","0","0","1","286"
"154,76","154","76","1","286","286","286","0","0","1","286"
"152,173","152","173","1","285","285","285","0","0","1","285"
"151,110","151","110","1","283","283","283","0","0","1","283"
"95,130","95","130","1","283","283","283","1","283","0","0"
"162,128","162","128","1","282","282","282","1","282","0","0"
"139,134","139","134","1","280","280","280","1","280","0","0"
"160,149","160","149","1","278","278","278","0","0","1","278"
"175,104","175","104","1","275","275","275","1","275","0","0"
"143,137","143","137","1","274","274","274","1","274","0","0"
"129,130","129","130","1","271","271","271","0","0","1","271"
"87,115","87","115","1","271","271","271","0","0","1","271"
"176,87","176","87","1","270","270","270","1","270","0","0"
"139,187","139","187","1","267","267","267","1","267","0","0"
"126,118","126","118","1","266","266","266","1","266","0","0"
"84,173","84","173","1","265","265","265","1","265","0","0"
"120,116","120","116","1","261","261","261","0","0","1","261"
"114,149","114","149","1","256","256","256","1","256","0","0"
"114,116","114","116","1","254","254","254","0","0","1","254"
"117,158","117","158","1","251","251","251","0","0","1","251"
"66,117","66","117","1","250","250","250","0","0","1","250"
"100,88","100","88","1","249","249","249","0","0","1","249"
"85,102","85","102","1","248","248","248","0","0","1","248"
"145,116","145","116","1","247","247","247","0","0","1","247"
"113,141","113","141","1","245","245","245","0","0","1","245"
"140,140","140","140","1","241","241","241","1","241","0","0"
"125,99","125","99","1","241","241","241","0","0","1","241"
"80,172","80","172","1","241","241","241","1","241","0","0"
"158,118","158","118","1","241","241","241","1","241","0","0"
"148,147","148","147","1","239","239","239","0","0","1","239"
"79,106","79","106","1","237","237","237","1","237","0","0"
"78,156","78","156","1","235","235","235","0","0","1","235"
"113,129","113","129","1","235","235","235","1","235","0","0"
"123,122","123","122","1","234","234","234","1","234","0","0"
"148,77","148","77","1","233","233","233","1","233","0","0"
"115,69","115","69","1","232","232","232","0","0","1","232"
"133,184","133","184","1","230","230","230","1","230","0","0"
"132,131","132","131","1","230","230","230","0","0","1","230"
"145,84","145","84","1","228","228","228","0","0","1","228"
"66,178","66","178","1","228","228","228","0","0","1","228"
"123,158","123","158","1","227","227","227","0","0","1","227"
"111,89","111","89","1","227","227","227","1","227","0","0"
"190,134","190","134","1","227","227","227","1","227","0","0"
"123,113","123","113","1","227","227","227","0","0","1","227"
"132,97","132","97","1","222","222","222","0","0","1","222"
"184,76","184","76","1","221","221","221","1","221","0","0"
"160,126","160","126","1","219","219","219","0","0","1","219"
"129,129","129","129","1","219","219","219","0","0","1","219"
"123,135","123","135","1","216","216","216","1","216","0","0"
"70,133","70","133","1","214","214","214","0","0","1","214"
"72,181","72","181","1","211","211","211","1","211","0","0"
"94,76","94","76","1","209","209","209","1","209","0","0"
"130,130","130","130","1","208","208","208","0","0","1","208"
"150,147","150","147","1","207","207","207","0","0","1","207"
"91,130","91","130","1","206","206","206","0","0","1","206"
"119,140","119","140","1","206","206","206","1","206","0","0"
"106,109","106","109","1","206","206","206","1","206","0","0"
"157,77","157","77","1","205","205","205","0","0","1","205"
"94,168","94","168","1","204","204","204","0","0","1","204"
"74,179","74","179","1","203","203","203","0","0","1","203"
"117,123","117","123","1","203","203","203","1","203","0","0"
"125,155","125","155","1","202","202","202","1","202","0","0"
"145,165","145","165","1","202","202","202","1","202","0","0"
"107,88","107","88","1","201","201","201","1","201","0","0"
"84,190","84","190","1","201","201","201","1","201","0","0"
"153,121","153","121","1","201","201","201","0","0","1","201"
"108,70","108","70","1","199","199","199","0","0","1","199"
"112,66","112","66","1","198","198","198","0","0","1","198"
"138,172","138","172","1","197","197","197","1","197","0","0"
"115,160","115","160","1","194","194","194","0","0","1","194"
"154,176","154","176","1","192","192","192","1","192","0","0"
"122,86","122","86","1","192","192","192","0","0","1","192"
"170,102","170","102","1","189","189","189","0","0","1","189"
"114,68","114","68","1","187","187","187","0","0","1","187"
"74,146","74","146","1","186","186","186","1","186","0","0"
"136,125","136","125","1","184","184","184","0","0","1","184"
"143,91","143","91","1","183","183","183","0","0","1","183"
"149,118","149","118","1","182","182","182","1","182","0","0"
"123,78","123","78","1","179","179","179","1","179","0","0"
"186,71","186","71","1","176","176","176","1","176","0","0"
"117,125","117","125","1","176","176","176","1","176","0","0"
"80,143","80","143","1","176","176","176","0","0","1","176"
"103,133","103","133","1","176","176","176","0","0","1","176"
"155,142","155","142","1","174","174","174","1","174","0","0"
"90,110","90","110","1","173","173","173","0","0","1","173"
"146,168","146","168","1","171","171","171","0","0","1","171"
"84,171","84","171","1","171","171","171","0","0","1","171"
"152,73","152","73","1","171","171","171","0","0","1","171"
"150,80","150","80","1","171","171","171","0","0","1","171"
"130,132","130","132","1","170","170","170","0","0","1","170"
"88,175","88","175","1","168","168","168","1","168","0","0"
"138,171","138","171","1","166","166","166","1","166","0","0"
"170,104","170","104","1","164","164","164","1","164","0","0"
"130,116","130","116","1","163","163","163","1","163","0","0"
"73,166","73","166","1","162","162","162","0","0","1","162"
"168,98","168","98","1","160","160","160","0","0","1","160"
"100,134","100","134","1","158","158","158","0","0","1","158"
"133,133","133","133","1","156","156","156","0","0","1","156"
"126,117","126","117","1","155","155","155","0","0","1","155"
"85,116","85","116","1","155","155","155","0","0","1","155"
"103,134","103","134","1","155","155","155","0","0","1","155"
"108,109","108","109","1","154","154","154","0","0","1","154"
"131,185","131","185","1","154","154","154","0","0","1","154"
"168,105","168","105","1","152","152","152","1","152","0","0"
"104,126","104","126","1","151","151","151","0","0","1","151"
"139,175","139","175","1","151","151","151","0","0","1","151"
"157,104","157","104","1","150","150","150","1","150","0","0"
"93,183","93","183","1","149","149","149","1","149","0","0"
"141,111","141","111","1","147","147","147","0","0","1","147"
"86,139","86","139","1","147","147","147","0","0","1","147"
"121,177","121","177","1","146","146","146","1","146","0","0"
"152,166","152","166","1","146","146","146","1","146","0","0"
"110,128","110","128","1","145","145","145","0","0","1","145"
"111,71","111","71","1","144","144","144","0","0","1","144"
"92,100","92","100","1","144","144","144","0","0","1","144"
"180,75","180","75","1","144","144","144","1","144","0","0"
"127,132","127","132","1","144","144","144","0","0","1","144"
"78,155","78","155","1","141","141","141","0","0","1","141"
"157,151","157","151","1","141","141","141","0","0","1","141"
"190,140","190","140","1","140","140","140","1","140","0","0"
"136,98","136","98","1","139","139","139","0","0","1","139"
"137,174","137","174","1","139","139","139","0","0","1","139"
"87,155","87","155","1","138","138","138","0","0","1","138"
"162,146","162","146","1","137","137","137","1","137","0","0"
"191,138","191","138","1","137","137","137","1","137","0","0"
"135,139","135","139","1","136","136","136","1","136","0","0"
"166,151","166","151","1","133","133","133","1","133","0","0"
"117,84","117","84","1","132","132","132","0","0","1","132"
"66,128","66","128","1","131","131","131","0","0","1","131"
"133,98","133","98","1","131","131","131","0","0","1","131"
"74,113","74","113","1","129","129","129","0","0","1","129"
"88,156","88","156","1","128","128","128","1","128","0","0"
"134,126","134","126","1","128","128","128","0","0","1","128"
"124,133","124","133","1","127","127","127","1","127","0","0"
"147,113","147","113","1","126","126","126","0","0","1","126"
"92,80","92","80","1","124","124","124","0","0","1","124"
"118,151","118","151","1","124","124","124","1","124","0","0"
"85,114","85","114","1","123","123","123","0","0","1","123"
"106,141","106","141","1","123","123","123","0","0","1","123"
"135,65","135","65","1","123","123","123","0","0","1","123"
"112,163","112","163","1","121","121","121","0","0","1","121"
"137,97","137","97","1","121","121","121","1","121","0","0"
"114,119","114","119","1","120","120","120","0","0","1","120"
"172,151","172","151","1","119","119","119","1","119","0","0"
"134,132","134","132","1","118","118","118","0","0","1","118"
"151,128","151","128","1","118","118","118","0","0","1","118"
"137,127","137","127","1","118","118","118","1","118","0","0"
"179,97","179","97","1","118","118","118","1","118","0","0"
"111,149","111","149","1","117","117","117","0","0","1","117"
"102,132","102","132","1","117","117","117","0","0","1","117"
"116,158","116","158","1","117","117","117","0","0","1","117"
"131,130","131","130","1","116","116","116","0","0","1","116"
"140,172","140","172","1","116","116","116","1","116","0","0"
"142,117","142","117","1","115","115","115","0","0","1","115"
"162,124","162","124","1","115","115","115","0","0","1","115"
"146,87","146","87","1","114","114","114","0","0","1","114"
"127,189","127","189","1","113","113","113","0","0","1","113"
"122,63","122","63","1","113","113","113","0","0","1","113"
"98,105","98","105","1","111","111","111","0","0","1","111"
"163,159","163","159","1","111","111","111","1","111","0","0"
"192,132","192","132","1","111","111","111","1","111","0","0"
"101,125","101","125","1","111","111","111","1","111","0","0"
"124,100","124","100","1","110","110","110","0","0","1","110"
"116,127","116","127","1","110","110","110","1","110","0","0"
"116,181","116","181","1","109","109","109","1","109","0","0"
"66,110","66","110","1","106","106","106","0","0","1","106"
"83,154","83","154","1","106","106","106","0","0","1","106"
"190,133","190","133","1","104","104","104","0","0","1","104"
"83,166","83","166","1","104","104","104","0","0","1","104"
"117,72","117","72","1","104","104","104","0","0","1","104"
"151,112","151","112","1","104","104","104","0","0","1","104"
"177,93","177","93","1","103","103","103","1","103","0","0"
"135,167","135","167","1","103","103","103","1","103","0","0"
"144,151","144","151","1","101","101","101","1","101","0","0"
"121,109","121","109","1","100","100","100","0","0","1","100"
"116,113","116","113","1","99","99","99","1","99","0","0"
"84,154","84","154","1","96","96","96","1","96","0","0"
"125,130","125","130","1","95","95","95","1","95","0","0"
"155,111","155","111","1","95","95","95","0","0","1","95"
"134,90","134","90","1","94","94","94","0","0","1","94"
"102,129","102","129","1","93","93","93","1","93","0","0"
"124,157","124","157","1","92","92","92","1","92","0","0"
"91,95","91","95","1","91","91","91","0","0","1","91"
"139,186","139","186","1","91","91","91","0","0","1","91"
"70,130","70","130","1","87","87","87","1","87","0","0"
"113,83","113","83","1","87","87","87","0","0","1","87"
"104,190","104","190","1","85","85","85","1","85","0","0"
"95,176","95","176","1","85","85","85","0","0","1","85"
"141,136","141","136","1","83","83","83","1","83","0","0"
"149,114","149","114","1","83","83","83","0","0","1","83"
"106,161","106","161","1","82","82","82","1","82","0","0"
"134,125","134","125","1","82","82","82","0","0","1","82"
"96,95","96","95","1","81","81","81","0","0","1","81"
"134,79","134","79","1","81","81","81","0","0","1","81"
"116,143","116","143","1","77","77","77","0","0","1","77"
"129,112","129","112","1","77","77","77","1","77","0","0"
"110,135","110","135","1","76","76","76","0","0","1","76"
"146,160","146","160","1","75","75","75","1","75","0","0"
"163,158","163","158","1","74","74","74","1","74","0","0"
"114,114","114","114","1","74","74","74","0","0","1","74"
"104,127","104","127","1","74","74","74","0","0","1","74"
"98,90","98","90","1","73","73","73","0","0","1","73"
"131,114","131","114","1","73","73","73","0","0","1","73"
"153,166","153","166","1","72","72","72","1","72","0","0"
"115,81","115","81","1","70","70","70","0","0","1","70"
"134,135","134","135","1","70","70","70","1","70","0","0"
"101,134","101","134","1","70","70","70","1","70","0","0"
"158,120","158","120","1","69","69","69","1","69","0","0"
"114,159","114","159","1","69","69","69","0","0","1","69"
"148,163","148","163","1","68","68","68","1","68","0","0"
"152,174","152","174","1","68","68","68","1","68","0","0"
"151,161","151","161","1","67","67","67","0","0","1","67"
"124,137","124","137","1","66","66","66","0","0","1","66"
"151,144","151","144","1","66","66","66","0","0","1","66"
"146,115","146","115","1","65","65","65","0","0","1","65"
"68,129","68","129","1","64","64","64","0","0","1","64"
"126,114","126","114","1","64","64","64","0","0","1","64"
"78,130","78","130","1","63","63","63","0","0","1","63"
"172,156","172","156","1","63","63","63","1","63","0","0"
"92,96","92","96","1","62","62","62","0","0","1","62"
"172,123","172","123","1","61","61","61","1","61","0","0"
"153,129","153","129","1","61","61","61","0","0","1","61"
"101,139","101","139","1","60","60","60","1","60","0","0"
"185,79","185","79","1","59","59","59","0","0","1","59"
"176,96","176","96","1","56","56","56","0","0","1","56"
"132,135","132","135","1","55","55","55","1","55","0","0"
"118,178","118","178","1","54","54","54","0","0","1","54"
"78,100","78","100","1","53","53","53","1","53","0","0"
"107,73","107","73","1","52","52","52","0","0","1","52"
"147,159","147","159","1","50","50","50","1","50","0","0"
"73,95","73","95","1","50","50","50","0","0","1","50"
"72,160","72","160","1","50","50","50","0","0","1","50"
"86,153","86","153","1","49","49","49","0","0","1","49"
"131,109","131","109","1","47","47","47","1","47","0","0"
"124,114","124","114","1","47","47","47","0","0","1","47"
"129,102","129","102","1","47","47","47","1","47","0","0"
"160,169","160","169","1","47","47","47","0","0","1","47"
"150,123","150","123","1","46","46","46","0","0","1","46"
"181,161","181","161","1","46","46","46","1","46","0","0"
"93,82","93","82","1","45","45","45","1","45","0","0"
"110,166","110","166","1","44","44","44","1","44","0","0"
"146,161","146","161","1","44","44","44","1","44","0","0"
"132,65","132","65","1","43","43","43","1","43","0","0"
"81,141","81","141","1","43","43","43","0","0","1","43"
"177,117","177","117","1","43","43","43","1","43","0","0"
"120,82","120","82","1","43","43","43","1","43","0","0"
"152,170","152","170","1","42","42","42","0","0","1","42"
"79,174","79","174","1","41","41","41","1","41","0","0"
"143,108","143","108","1","40","40","40","1","40","0","0"
"87,105","87","105","1","40","40","40","1","40","0","0"
"167,151","167","151","1","40","40","40","1","40","0","0"
"110,145","110","145","1","39","39","39","0","0","1","39"
"147,118","147","118","1","39","39","39","1","39","0","0"
"155,152","155","152","1","38","38","38","1","38","0","0"
"152,176","152","176","1","38","38","38","1","38","0","0"
"162,72","162","72","1","37","37","37","1","37","0","0"
"136,94","136","94","1","37","37","37","0","0","1","37"
"116,137","116","137","1","37","37","37","1","37","0","0"
"94,96","94","96","1","36","36","36","0","0","1","36"
"86,155","86","155","1","36","36","36","0","0","1","36"
"134,134","134","134","1","35","35","35","0","0","1","35"
"91,94","91","94","1","35","35","35","0","0","1","35"
"125,158","125","158","1","35","35","35","1","35","0","0"
"156,136","156","136","1","35","35","35","0","0","1","35"
"157,94","157","94","1","33","33","33","1","33","0","0"
"69,180","69","180","1","33","33","33","1","33","0","0"
"146,163","146","163","1","33","33","33","1","33","0","0"
"130,100","130","100","1","32","32","32","0","0","1","32"
"137,95","137","95","1","32","32","32","1","32","0","0"
"130,135","130","135","1","31","31","31","0","0","1","31"
"106,74","106","74","1","31","31","31","0","0","1","31"
"152,168","152","168","1","31","31","31","1","31","0","0"
"142,100","142","100","1","31","31","31","0","0","1","31"
"119,138","119","138","1","30","30","30","0","0","1","30"
"93,97","93","97","1","30","30","30","0","0","1","30"
"154,117","154","117","1","30","30","30","1","30","0","0"
"76,149","76","149","1","29","29","29","0","0","1","29"
"125,153","125","153","1","29","29","29","1","29","0","0"
"142,91","142","91","1","28","28","28","0","0","1","28"
"124,135","124","135","1","27","27","27","0","0","1","27"
"140,134","140","134","1","27","27","27","1","27","0","0"
"90,96","90","96","1","27","27","27","1","27","0","0"
"138,136","138","136","1","27","27","27","1","27","0","0"
"144,164","144","164","1","26","26","26","1","26","0","0"
"180,98","180","98","1","25","25","25","1","25","0","0"
"85,103","85","103","1","25","25","25","0","0","1","25"
"128,139","128","139","1","25","25","25","1","25","0","0"
"120,107","120","107","1","25","25","25","0","0","1","25"
"83,77","83","77","1","25","25","25","0","0","1","25"
"147,77","147","77","1","24","24","24","1","24","0","0"
"119,185","119","185","1","24","24","24","1","24","0","0"
"167,158","167","158","1","24","24","24","1","24","0","0"
"189,133","189","133","1","23","23","23","0","0","1","23"
"128,131","128","131","1","23","23","23","0","0","1","23"
"141,174","141","174","1","23","23","23","1","23","0","0"
"128,114","128","114","1","23","23","23","0","0","1","23"
"99,179","99","179","1","23","23","23","0","0","1","23"
"139,145","139","145","1","23","23","23","1","23","0","0"
"137,137","137","137","1","23","23","23","0","0","1","23"
"162,169","162","169","1","23","23","23","1","23","0","0"
"126,154","126","154","1","23","23","23","1","23","0","0"
"89,96","89","96","1","22","22","22","0","0","1","22"
"176,159","176","159","1","22","22","22","1","22","0","0"
"109,110","109","110","1","22","22","22","0","0","1","22"
"102,177","102","177","1","22","22","22","1","22","0","0"
"137,104","137","104","1","21","21","21","0","0","1","21"
"141,176","141","176","1","21","21","21","1","21","0","0"
"155,135","155","135","1","21","21","21","1","21","0","0"
"82,189","82","189","1","20","20","20","1","20","0","0"
"107,140","107","140","1","20","20","20","1","20","0","0"
"136,185","136","185","1","20","20","20","0","0","1","20"
"145,112","145","112","1","20","20","20","1","20","0","0"
"167,98","167","98","1","19","19","19","0","0","1","19"
"162,154","162","154","1","19","19","19","0","0","1","19"
"103,97","103","97","1","19","19","19","1","19","0","0"
"173,154","173","154","1","18","18","18","1","18","0","0"
"176,93","176","93","1","18","18","18","1","18","0","0"
"176,88","176","88","1","17","17","17","1","17","0","0"
"108,140","108","140","1","17","17","17","0","0","1","17"
"160,154","160","154","1","16","16","16","1","16","0","0"
"142,137","142","137","1","16","16","16","1","16","0","0"
"150,77","150","77","1","16","16","16","1","16","0","0"
"132,114","132","114","1","16","16","16","0","0","1","16"
"110,149","110","149","1","16","16","16","0","0","1","16"
"84,103","84","103","1","16","16","16","0","0","1","16"
"90,145","90","145","1","16","16","16","1","16","0","0"
"91,115","91","115","1","15","15","15","0","0","1","15"
"70,146","70","146","1","14","14","14","0","0","1","14"
"134,192","134","192","1","14","14","14","1","14","0","0"
"153,180","153","180","1","14","14","14","1","14","0","0"
"110,104","110","104","1","14","14","14","0","0","1","14"
"170,163","170","163","1","13","13","13","1","13","0","0"
"79,102","79","102","1","13","13","13","1","13","0","0"
"118,137","118","137","1","13","13","13","0","0","1","13"
"104,98","104","98","1","12","12","12","0","0","1","12"
"124,116","124","116","1","11","11","11","1","11","0","0"
"105,78","105","78","1","11","11","11","1","11","0","0"
"96,80","96","80","1","11","11","11","1","11","0","0"
"112,151","112","151","1","11","11","11","0","0","1","11"
"173,160","173","160","1","11","11","11","1","11","0","0"
"88,132","88","132","1","11","11","11","0","0","1","11"
"167,160","167","160","1","10","10","10","1","10","0","0"
"114,160","114","160","1","10","10","10","0","0","1","10"
"122,183","122","183","1","10","10","10","1","10","0","0"
"161,116","161","116","1","10","10","10","0","0","1","10"
"118,171","118","171","1","10","10","10","1","10","0","0"
"132,71","132","71","1","10","10","10","0","0","1","10"
"139,107","139","107","1","9","9","9","1","9","0","0"
"113,80","113","80","1","9","9","9","0","0","1","9"
"105,113","105","113","1","8","8","8","0","0","1","8"
"125,186","125","186","1","8","8","8","1","8","0","0"
"117,78","117","78","1","7","7","7","1","7","0","0"
"120,122","120","122","1","7","7","7","1","7","0","0"
"128,101","128","101","1","7","7","7","1","7","0","0"
"176,118","176","118","1","7","7","7","1","7","0","0"
"167,163","167","163","1","7","7","7","1","7","0","0"
"120,108","120","108","1","6","6","6","1","6","0","0"
"98,93","98","93","1","6","6","6","0","0","1","6"
"69,165","69","165","1","6","6","6","0","0","1","6"
"163,152","163","152","1","5","5","5","1","5","0","0"
"96,137","96","137","1","5","5","5","0","0","1","5"
"111,156","111","156","1","5","5","5","1","5","0","0"
"114,158","114","158","1","5","5","5","1","5","0","0"
"180,106","180","106","1","4","4","4","0","0","1","4"
"170,98","170","98","1","4","4","4","0","0","1","4"
"74,104","74","104","1","3","3","3","1","3","0","0"
"94,175","94","175","1","3","3","3","1","3","0","0"
"134,105","134","105","1","2","2","2","0","0","1","2"
"166,88","166","88","1","2","2","2","0","0","1","2"
"177,162","177","162","1","1","1","1","1","1","0","0"
